{
  "startTime": 1546712700.000000,
  "endTime": 1546712705.000000,
  "channels": [
    {
      "name": "ASAR.AS01.SHZ"
    }
  ]
}