{
  "startTime": 1546718300.000000,
  "endTime": 1546718301.000000,
  "channels": [
    {
      "name": "VNDA.VNDAB.BHN"
    }
  ]
}